{
	"condition": "minecraft:alternative",
	"terms": [
		{
			"condition": "minecraft:reference",
			"name": "fokastudio:fsee/locations/biomes/in_glowshroom_valley"
		},
		{
			"condition": "minecraft:reference",
			"name": "fokastudio:fsee/locations/biomes/in_warped_marsh"
		},
		{
			"condition": "minecraft:reference",
			"name": "fokastudio:fsee/locations/biomes/in_end_wilds"
		},
		{
			"condition": "minecraft:reference",
			"name": "fokastudio:fsee/locations/biomes/in_snowy_warped_forest"
		}
	]
}
