{
	"temperature": 0.5,
	"downfall": 0.5,
	"precipitation": "none",
	"temperature_modifier": "none",
	"category": "the_end",
	"effects": {
		"sky_color": 1975338,
		"fog_color": 1451344,
		"water_color": 4154283,
		"water_fog_color": 3092340,
		"grass_color": 3831201,
		"foliage_color": 3501714,
		"ambient_sound": "minecraft:ambient.warped_forest.loop",
		"mood_sound": {
			"sound": "minecraft:ambient.crimson_forest.mood",
			"tick_delay": 500,
			"block_search_extent": 10,
			"offset": 3
		},
		"additions_sound": {
			"sound": "minecraft:ambient.nether_wastes.additions",
			"tick_chance": 0.005
		},
		"particle": {
			"options": {
				"type": "glow_squid_ink"
			},
			"probability": 0.0003
		}
	},
	"spawners": {
		"monster": [],
		"creature": [],
		"ambient": [],
		"underground_water_creature": [],
		"water_creature": [
			{
				"type": "minecraft:glow_squid",
				"weight": 10,
				"minCount": 1,
				"maxCount": 1
			}
		],
		"water_ambient": [],
		"misc": []
	},
	"spawn_costs": {},
	"carvers": {
		"air": [
			"far_end:surface_scar"
		]
	},
	"features": [
		[
			"fokastudio:global/stalactite_1",
			"fokastudio:global/stalactite_2",
			"fokastudio:glowshroom_valley/glowstone"
		],
		[
			"fokastudio:glowshroom_valley/lake"
		],
		[],
		[],
		[],
		[
			"minecraft:end_gateway_return"
		],
		[
			"fokastudio:glowshroom_valley/patches",
			"fokastudio:glowshroom_valley/glowshroom_1",
			"fokastudio:glowshroom_valley/glowshroom_2",
			"fokastudio:glowshroom_valley/glowshroom_3",
			"fokastudio:glowshroom_valley/glowshroom_4",
			"fokastudio:glowshroom_valley/glowshroom_5",
			"fokastudio:glowshroom_valley/jellolands_1",
			"fokastudio:glowshroom_valley/jellolands_2"
		],
		[],
		[],
		[],
		[
			"fokastudio:glowshroom_valley/replace_blocks",
			"far_end:general/end_spike/center",
			"far_end:general/end_spike/ring"
		]
	]
}
