{
	"sea_level": -256,
	"disable_mob_generation": true,
	"noise_caves_enabled": true,
	"noodle_caves_enabled": true,
	"aquifers_enabled": false,
	"ore_veins_enabled": true,
	"legacy_random_source": false,
	"default_block": {
		"Name": "minecraft:end_stone"
	},
	"default_fluid": {
		"Name": "minecraft:water",
		"Properties": {
			"level": "0"
		}
	},
	"noise": {
		"min_y": 0,
		"height": 256,
		"size_horizontal": 2,
		"size_vertical": 4,
		"sampling": {
			"xz_scale": 1,
			"y_scale": 5,
			"xz_factor": 400,
			"y_factor": 150
		},
		"bottom_slide": {
			"target": -0.04,
			"size": 7,
			"offset": 0
		},
		"top_slide": {
			"target": -0.078125,
			"size": 20,
			"offset": 0
		},
		"terrain_shaper": {
			"offset": {
				"coordinate": "continents",
				"points": [
					{
						"location": 0.1,
						"derivative": 0.1,
						"value": {
							"coordinate": "erosion",
							"points": [
								{
									"location": 0.1,
									"derivative": 0,
									"value": 0.1
								},
								{
									"location": 0.2,
									"derivative": 0,
									"value": 0.2
								},
								{
									"location": 0.3,
									"derivative": 0,
									"value": 0.3
								},
								{
									"location": 0.4,
									"derivative": 0,
									"value": 0.4
								},
								{
									"location": 0.5,
									"derivative": 0,
									"value": 0.5
								},
								{
									"location": 0.6,
									"derivative": 0,
									"value": 0.6
								},
								{
									"location": 0.7,
									"derivative": 0,
									"value": 0.7
								},
								{
									"location": 0.8,
									"derivative": 0,
									"value": 0.8
								},
								{
									"location": 0.9,
									"derivative": 0,
									"value": 0.9
								},
								{
									"location": 1,
									"derivative": 0,
									"value": 1
								}
							]
						}
					},
					{
						"location": 0.2,
						"derivative": 0.2,
						"value": {
							"coordinate": "erosion",
							"points": [
								{
									"location": 0.1,
									"derivative": 0,
									"value": 0.1
								},
								{
									"location": 0.2,
									"derivative": 0,
									"value": 0.2
								},
								{
									"location": 0.3,
									"derivative": 0,
									"value": 0.3
								},
								{
									"location": 0.4,
									"derivative": 0,
									"value": 0.4
								},
								{
									"location": 0.5,
									"derivative": 0,
									"value": 0.5
								},
								{
									"location": 0.6,
									"derivative": 0,
									"value": 0.6
								},
								{
									"location": 0.7,
									"derivative": 0,
									"value": 0.7
								},
								{
									"location": 0.8,
									"derivative": 0,
									"value": 0.8
								},
								{
									"location": 0.9,
									"derivative": 0,
									"value": 0.9
								},
								{
									"location": 1,
									"derivative": 0,
									"value": 1
								}
							]
						}
					},
					{
						"location": 0.3,
						"derivative": 0,
						"value": {
							"coordinate": "erosion",
							"points": [
								{
									"location": 0.1,
									"derivative": 0,
									"value": 0.1
								},
								{
									"location": 0.2,
									"derivative": 0,
									"value": 0.2
								},
								{
									"location": 0.3,
									"derivative": 0,
									"value": 0.3
								},
								{
									"location": 0.4,
									"derivative": 0,
									"value": 0.4
								},
								{
									"location": 0.5,
									"derivative": 0,
									"value": 0.5
								},
								{
									"location": 0.6,
									"derivative": 0,
									"value": 0.6
								},
								{
									"location": 0.7,
									"derivative": 0,
									"value": 0.7
								},
								{
									"location": 0.8,
									"derivative": 0,
									"value": 0.8
								},
								{
									"location": 0.9,
									"derivative": 0,
									"value": 0.9
								},
								{
									"location": 1,
									"derivative": 0,
									"value": 1
								}
							]
						}
					},
					{
						"location": 0.4,
						"derivative": 0,
						"value": {
							"coordinate": "erosion",
							"points": [
								{
									"location": 0.1,
									"derivative": 0,
									"value": 0.1
								},
								{
									"location": 0.2,
									"derivative": 0,
									"value": 0.2
								},
								{
									"location": 0.3,
									"derivative": 0,
									"value": 0.3
								},
								{
									"location": 0.4,
									"derivative": 0,
									"value": 0.4
								},
								{
									"location": 0.5,
									"derivative": 0,
									"value": 0.5
								},
								{
									"location": 0.6,
									"derivative": 0,
									"value": 0.6
								},
								{
									"location": 0.7,
									"derivative": 0,
									"value": 0.7
								},
								{
									"location": 0.8,
									"derivative": 0,
									"value": 0.8
								},
								{
									"location": 0.9,
									"derivative": 0,
									"value": 0.9
								},
								{
									"location": 1,
									"derivative": 0,
									"value": 1
								}
							]
						}
					},
					{
						"location": 0.5,
						"derivative": 0,
						"value": {
							"coordinate": "erosion",
							"points": [
								{
									"location": 0.1,
									"derivative": 0,
									"value": 0.1
								},
								{
									"location": 0.2,
									"derivative": 0,
									"value": 0.2
								},
								{
									"location": 0.3,
									"derivative": 0,
									"value": 0.3
								},
								{
									"location": 0.4,
									"derivative": 0,
									"value": 0.4
								},
								{
									"location": 0.5,
									"derivative": 0,
									"value": 0.5
								},
								{
									"location": 0.6,
									"derivative": 0,
									"value": 0.6
								},
								{
									"location": 0.7,
									"derivative": 0,
									"value": 0.7
								},
								{
									"location": 0.8,
									"derivative": 0,
									"value": 0.8
								},
								{
									"location": 0.9,
									"derivative": 0,
									"value": 0.9
								},
								{
									"location": 1,
									"derivative": 0,
									"value": 1
								}
							]
						}
					},
					{
						"location": 0.6,
						"derivative": 0.1,
						"value": {
							"coordinate": "erosion",
							"points": [
								{
									"location": 0.1,
									"derivative": 0,
									"value": 0.1
								},
								{
									"location": 0.2,
									"derivative": 0,
									"value": 0.2
								},
								{
									"location": 0.3,
									"derivative": 0,
									"value": 0.3
								},
								{
									"location": 0.4,
									"derivative": 0,
									"value": 0.4
								},
								{
									"location": 0.5,
									"derivative": 0,
									"value": 0.5
								},
								{
									"location": 0.6,
									"derivative": 0,
									"value": 0.6
								},
								{
									"location": 0.7,
									"derivative": 0,
									"value": 0.7
								},
								{
									"location": 0.8,
									"derivative": 0,
									"value": 0.8
								},
								{
									"location": 0.9,
									"derivative": 0,
									"value": 0.9
								},
								{
									"location": 1,
									"derivative": 0,
									"value": 1
								}
							]
						}
					},
					{
						"location": 0.7,
						"derivative": 0.2,
						"value": {
							"coordinate": "erosion",
							"points": [
								{
									"location": 0.1,
									"derivative": 0,
									"value": 0.1
								},
								{
									"location": 0.2,
									"derivative": 0,
									"value": 0.2
								},
								{
									"location": 0.3,
									"derivative": 0,
									"value": 0.3
								},
								{
									"location": 0.4,
									"derivative": 0,
									"value": 0.4
								},
								{
									"location": 0.5,
									"derivative": 0,
									"value": 0.5
								},
								{
									"location": 0.6,
									"derivative": 0,
									"value": 0.6
								},
								{
									"location": 0.7,
									"derivative": 0,
									"value": 0.7
								},
								{
									"location": 0.8,
									"derivative": 0,
									"value": 0.8
								},
								{
									"location": 0.9,
									"derivative": 0,
									"value": 0.9
								},
								{
									"location": 1,
									"derivative": 0,
									"value": 1
								}
							]
						}
					},
					{
						"location": 0.8,
						"derivative": 0,
						"value": {
							"coordinate": "erosion",
							"points": [
								{
									"location": 0.1,
									"derivative": 0,
									"value": 0.1
								},
								{
									"location": 0.2,
									"derivative": 0,
									"value": 0.2
								},
								{
									"location": 0.3,
									"derivative": 0,
									"value": 0.3
								},
								{
									"location": 0.4,
									"derivative": 0,
									"value": 0.4
								},
								{
									"location": 0.5,
									"derivative": 0,
									"value": 0.5
								},
								{
									"location": 0.6,
									"derivative": 0,
									"value": 0.6
								},
								{
									"location": 0.7,
									"derivative": 0,
									"value": 0.7
								},
								{
									"location": 0.8,
									"derivative": 0,
									"value": 0.8
								},
								{
									"location": 0.9,
									"derivative": 0,
									"value": 0.9
								},
								{
									"location": 1,
									"derivative": 0,
									"value": 1
								}
							]
						}
					},
					{
						"location": 0.9,
						"derivative": 0,
						"value": {
							"coordinate": "erosion",
							"points": [
								{
									"location": 0.1,
									"derivative": 0,
									"value": 0.1
								},
								{
									"location": 0.2,
									"derivative": 0,
									"value": 0.2
								},
								{
									"location": 0.3,
									"derivative": 0,
									"value": 0.3
								},
								{
									"location": 0.4,
									"derivative": 0,
									"value": 0.4
								},
								{
									"location": 0.5,
									"derivative": 0,
									"value": 0.5
								},
								{
									"location": 0.6,
									"derivative": 0,
									"value": 0.6
								},
								{
									"location": 0.7,
									"derivative": 0,
									"value": 0.7
								},
								{
									"location": 0.8,
									"derivative": 0,
									"value": 0.8
								},
								{
									"location": 0.9,
									"derivative": 0,
									"value": 0.9
								},
								{
									"location": 1,
									"derivative": 0,
									"value": 1
								}
							]
						}
					},
					{
						"location": 1,
						"derivative": 0,
						"value": {
							"coordinate": "erosion",
							"points": [
								{
									"location": 0.1,
									"derivative": 0,
									"value": 0.1
								},
								{
									"location": 0.2,
									"derivative": 0,
									"value": 0.2
								},
								{
									"location": 0.3,
									"derivative": 0,
									"value": 0.3
								},
								{
									"location": 0.4,
									"derivative": 0,
									"value": 0.4
								},
								{
									"location": 0.5,
									"derivative": 0,
									"value": 0.5
								},
								{
									"location": 0.6,
									"derivative": 0,
									"value": 0.6
								},
								{
									"location": 0.7,
									"derivative": 0,
									"value": 0.7
								},
								{
									"location": 0.8,
									"derivative": 0,
									"value": 0.8
								},
								{
									"location": 0.9,
									"derivative": 0,
									"value": 0.9
								},
								{
									"location": 1,
									"derivative": 0,
									"value": 1
								}
							]
						}
					},
					{
						"location": -0.1,
						"derivative": -0.1,
						"value": {
							"coordinate": "erosion",
							"points": [
								{
									"location": -0.1,
									"derivative": 0,
									"value": -0.025
								},
								{
									"location": -0.2,
									"derivative": 0,
									"value": -0.05
								},
								{
									"location": -0.3,
									"derivative": 0,
									"value": -0.055
								},
								{
									"location": -0.4,
									"derivative": 0,
									"value": -0.1
								},
								{
									"location": -0.5,
									"derivative": 0,
									"value": -0.15
								},
								{
									"location": -0.6,
									"derivative": 0,
									"value": -0.15
								},
								{
									"location": -0.7,
									"derivative": 0,
									"value": -0.155
								},
								{
									"location": -0.8,
									"derivative": 0,
									"value": -0.2
								},
								{
									"location": -0.9,
									"derivative": 0,
									"value": -0.25
								},
								{
									"location": -1,
									"derivative": 0,
									"value": -0.25
								}
							]
						}
					},
					{
						"location": -0.2,
						"derivative": -0.2,
						"value": {
							"coordinate": "erosion",
							"points": [
								{
									"location": -0.1,
									"derivative": 0,
									"value": -0.025
								},
								{
									"location": -0.2,
									"derivative": 0,
									"value": -0.05
								},
								{
									"location": -0.3,
									"derivative": 0,
									"value": -0.055
								},
								{
									"location": -0.4,
									"derivative": 0,
									"value": -0.1
								},
								{
									"location": -0.5,
									"derivative": 0,
									"value": -0.15
								},
								{
									"location": -0.6,
									"derivative": 0,
									"value": -0.15
								},
								{
									"location": -0.7,
									"derivative": 0,
									"value": -0.155
								},
								{
									"location": -0.8,
									"derivative": 0,
									"value": -0.2
								},
								{
									"location": -0.9,
									"derivative": 0,
									"value": -0.25
								},
								{
									"location": -1,
									"derivative": 0,
									"value": -0.25
								}
							]
						}
					},
					{
						"location": -0.3,
						"derivative": 0,
						"value": {
							"coordinate": "erosion",
							"points": [
								{
									"location": -0.1,
									"derivative": 0,
									"value": -0.025
								},
								{
									"location": -0.2,
									"derivative": 0,
									"value": -0.05
								},
								{
									"location": -0.3,
									"derivative": 0,
									"value": -0.055
								},
								{
									"location": -0.4,
									"derivative": 0,
									"value": -0.1
								},
								{
									"location": -0.5,
									"derivative": 0,
									"value": -0.15
								},
								{
									"location": -0.6,
									"derivative": 0,
									"value": -0.15
								},
								{
									"location": -0.7,
									"derivative": 0,
									"value": -0.155
								},
								{
									"location": -0.8,
									"derivative": 0,
									"value": -0.2
								},
								{
									"location": -0.9,
									"derivative": 0,
									"value": -0.25
								},
								{
									"location": -1,
									"derivative": 0,
									"value": -0.25
								}
							]
						}
					},
					{
						"location": -0.4,
						"derivative": 0,
						"value": {
							"coordinate": "erosion",
							"points": [
								{
									"location": -0.1,
									"derivative": 0,
									"value": -0.025
								},
								{
									"location": -0.2,
									"derivative": 0,
									"value": -0.05
								},
								{
									"location": -0.3,
									"derivative": 0,
									"value": -0.055
								},
								{
									"location": -0.4,
									"derivative": 0,
									"value": -0.1
								},
								{
									"location": -0.5,
									"derivative": 0,
									"value": -0.15
								},
								{
									"location": -0.6,
									"derivative": 0,
									"value": -0.15
								},
								{
									"location": -0.7,
									"derivative": 0,
									"value": -0.155
								},
								{
									"location": -0.8,
									"derivative": 0,
									"value": -0.2
								},
								{
									"location": -0.9,
									"derivative": 0,
									"value": -0.25
								},
								{
									"location": -1,
									"derivative": 0,
									"value": -0.25
								}
							]
						}
					},
					{
						"location": -0.5,
						"derivative": 0,
						"value": {
							"coordinate": "erosion",
							"points": [
								{
									"location": -0.1,
									"derivative": 0,
									"value": -0.025
								},
								{
									"location": -0.2,
									"derivative": 0,
									"value": -0.05
								},
								{
									"location": -0.3,
									"derivative": 0,
									"value": -0.055
								},
								{
									"location": -0.4,
									"derivative": 0,
									"value": -0.1
								},
								{
									"location": -0.5,
									"derivative": 0,
									"value": -0.15
								},
								{
									"location": -0.6,
									"derivative": 0,
									"value": -0.15
								},
								{
									"location": -0.7,
									"derivative": 0,
									"value": -0.155
								},
								{
									"location": -0.8,
									"derivative": 0,
									"value": -0.2
								},
								{
									"location": -0.9,
									"derivative": 0,
									"value": -0.25
								},
								{
									"location": -1,
									"derivative": 0,
									"value": -0.25
								}
							]
						}
					},
					{
						"location": -0.6,
						"derivative": -0.1,
						"value": {
							"coordinate": "erosion",
							"points": [
								{
									"location": -0.1,
									"derivative": 0,
									"value": -0.025
								},
								{
									"location": -0.2,
									"derivative": 0,
									"value": -0.05
								},
								{
									"location": -0.3,
									"derivative": 0,
									"value": -0.055
								},
								{
									"location": -0.4,
									"derivative": 0,
									"value": -0.1
								},
								{
									"location": -0.5,
									"derivative": 0,
									"value": -0.15
								},
								{
									"location": -0.6,
									"derivative": 0,
									"value": -0.15
								},
								{
									"location": -0.7,
									"derivative": 0,
									"value": -0.155
								},
								{
									"location": -0.8,
									"derivative": 0,
									"value": -0.2
								},
								{
									"location": -0.9,
									"derivative": 0,
									"value": -0.25
								},
								{
									"location": -1,
									"derivative": 0,
									"value": -0.25
								}
							]
						}
					},
					{
						"location": -0.7,
						"derivative": -0.2,
						"value": {
							"coordinate": "erosion",
							"points": [
								{
									"location": -0.1,
									"derivative": 0,
									"value": -0.025
								},
								{
									"location": -0.2,
									"derivative": 0,
									"value": -0.05
								},
								{
									"location": -0.3,
									"derivative": 0,
									"value": -0.055
								},
								{
									"location": -0.4,
									"derivative": 0,
									"value": -0.1
								},
								{
									"location": -0.5,
									"derivative": 0,
									"value": -0.15
								},
								{
									"location": -0.6,
									"derivative": 0,
									"value": -0.15
								},
								{
									"location": -0.7,
									"derivative": 0,
									"value": -0.155
								},
								{
									"location": -0.8,
									"derivative": 0,
									"value": -0.2
								},
								{
									"location": -0.9,
									"derivative": 0,
									"value": -0.25
								},
								{
									"location": -1,
									"derivative": 0,
									"value": -0.25
								}
							]
						}
					},
					{
						"location": -0.8,
						"derivative": 0,
						"value": {
							"coordinate": "erosion",
							"points": [
								{
									"location": -0.1,
									"derivative": 0,
									"value": -0.025
								},
								{
									"location": -0.2,
									"derivative": 0,
									"value": -0.05
								},
								{
									"location": -0.3,
									"derivative": 0,
									"value": -0.055
								},
								{
									"location": -0.4,
									"derivative": 0,
									"value": -0.1
								},
								{
									"location": -0.5,
									"derivative": 0,
									"value": -0.15
								},
								{
									"location": -0.6,
									"derivative": 0,
									"value": -0.15
								},
								{
									"location": -0.7,
									"derivative": 0,
									"value": -0.155
								},
								{
									"location": -0.8,
									"derivative": 0,
									"value": -0.2
								},
								{
									"location": -0.9,
									"derivative": 0,
									"value": -0.25
								},
								{
									"location": -1,
									"derivative": 0,
									"value": -0.25
								}
							]
						}
					},
					{
						"location": -0.9,
						"derivative": 0,
						"value": {
							"coordinate": "erosion",
							"points": [
								{
									"location": -0.1,
									"derivative": 0,
									"value": -0.025
								},
								{
									"location": -0.2,
									"derivative": 0,
									"value": -0.05
								},
								{
									"location": -0.3,
									"derivative": 0,
									"value": -0.055
								},
								{
									"location": -0.4,
									"derivative": 0,
									"value": -0.1
								},
								{
									"location": -0.5,
									"derivative": 0,
									"value": -0.15
								},
								{
									"location": -0.6,
									"derivative": 0,
									"value": -0.15
								},
								{
									"location": -0.7,
									"derivative": 0,
									"value": -0.155
								},
								{
									"location": -0.8,
									"derivative": 0,
									"value": -0.2
								},
								{
									"location": -0.9,
									"derivative": 0,
									"value": -0.25
								},
								{
									"location": -1,
									"derivative": 0,
									"value": -0.25
								}
							]
						}
					},
					{
						"location": -1,
						"derivative": 0,
						"value": {
							"coordinate": "erosion",
							"points": [
								{
									"location": -0.1,
									"derivative": 0,
									"value": -0.025
								},
								{
									"location": -0.2,
									"derivative": 0,
									"value": -0.05
								},
								{
									"location": -0.3,
									"derivative": 0,
									"value": -0.075
								},
								{
									"location": -0.4,
									"derivative": 0,
									"value": -0.1
								},
								{
									"location": -0.5,
									"derivative": 0,
									"value": -0.125
								},
								{
									"location": -0.6,
									"derivative": 0,
									"value": -0.15
								},
								{
									"location": -0.7,
									"derivative": 0,
									"value": -0.175
								},
								{
									"location": -0.8,
									"derivative": 0,
									"value": -0.2
								},
								{
									"location": -0.9,
									"derivative": 0,
									"value": -0.225
								},
								{
									"location": -1,
									"derivative": 0,
									"value": -0.25
								}
							]
						}
					}
				]
			},
			"factor": {
				"coordinate": "continents",
				"points": [
					{
						"location": 0.1,
						"derivative": 0.1,
						"value": {
							"coordinate": "erosion",
							"points": [
								{
									"location": 0.1,
									"derivative": 0,
									"value": 0.15
								},
								{
									"location": 0.2,
									"derivative": 0,
									"value": 0.3
								},
								{
									"location": 0.3,
									"derivative": 0,
									"value": 0.45
								},
								{
									"location": 0.4,
									"derivative": 0,
									"value": 0.6
								},
								{
									"location": 0.5,
									"derivative": 0,
									"value": 0.75
								},
								{
									"location": 0.6,
									"derivative": 0,
									"value": 0.9
								},
								{
									"location": 0.7,
									"derivative": 0,
									"value": 1.05
								},
								{
									"location": 0.8,
									"derivative": 0,
									"value": 1.2
								},
								{
									"location": 0.9,
									"derivative": 0,
									"value": 1.35
								},
								{
									"location": 1,
									"derivative": 0,
									"value": 1.5
								}
							]
						}
					},
					{
						"location": 0.2,
						"derivative": 0.2,
						"value": {
							"coordinate": "erosion",
							"points": [
								{
									"location": 0.1,
									"derivative": 0,
									"value": 0.15
								},
								{
									"location": 0.2,
									"derivative": 0,
									"value": 0.3
								},
								{
									"location": 0.3,
									"derivative": 0,
									"value": 0.45
								},
								{
									"location": 0.4,
									"derivative": 0,
									"value": 0.6
								},
								{
									"location": 0.5,
									"derivative": 0,
									"value": 0.75
								},
								{
									"location": 0.6,
									"derivative": 0,
									"value": 0.9
								},
								{
									"location": 0.7,
									"derivative": 0,
									"value": 1.05
								},
								{
									"location": 0.8,
									"derivative": 0,
									"value": 1.2
								},
								{
									"location": 0.9,
									"derivative": 0,
									"value": 1.35
								},
								{
									"location": 1,
									"derivative": 0,
									"value": 1.5
								}
							]
						}
					},
					{
						"location": 0.3,
						"derivative": 0,
						"value": {
							"coordinate": "erosion",
							"points": [
								{
									"location": 0.1,
									"derivative": 0,
									"value": 0.15
								},
								{
									"location": 0.2,
									"derivative": 0,
									"value": 0.3
								},
								{
									"location": 0.3,
									"derivative": 0,
									"value": 0.45
								},
								{
									"location": 0.4,
									"derivative": 0,
									"value": 0.6
								},
								{
									"location": 0.5,
									"derivative": 0,
									"value": 0.75
								},
								{
									"location": 0.6,
									"derivative": 0,
									"value": 0.9
								},
								{
									"location": 0.7,
									"derivative": 0,
									"value": 1.05
								},
								{
									"location": 0.8,
									"derivative": 0,
									"value": 1.2
								},
								{
									"location": 0.9,
									"derivative": 0,
									"value": 1.35
								},
								{
									"location": 1,
									"derivative": 0,
									"value": 1.5
								}
							]
						}
					},
					{
						"location": 0.4,
						"derivative": 0,
						"value": {
							"coordinate": "erosion",
							"points": [
								{
									"location": 0.1,
									"derivative": 0,
									"value": 0.15
								},
								{
									"location": 0.2,
									"derivative": 0,
									"value": 0.3
								},
								{
									"location": 0.3,
									"derivative": 0,
									"value": 0.45
								},
								{
									"location": 0.4,
									"derivative": 0,
									"value": 0.6
								},
								{
									"location": 0.5,
									"derivative": 0,
									"value": 0.75
								},
								{
									"location": 0.6,
									"derivative": 0,
									"value": 0.9
								},
								{
									"location": 0.7,
									"derivative": 0,
									"value": 1.05
								},
								{
									"location": 0.8,
									"derivative": 0,
									"value": 1.2
								},
								{
									"location": 0.9,
									"derivative": 0,
									"value": 1.35
								},
								{
									"location": 1,
									"derivative": 0,
									"value": 1.5
								}
							]
						}
					},
					{
						"location": 0.5,
						"derivative": 0,
						"value": {
							"coordinate": "erosion",
							"points": [
								{
									"location": 0.1,
									"derivative": 0,
									"value": 0.15
								},
								{
									"location": 0.2,
									"derivative": 0,
									"value": 0.3
								},
								{
									"location": 0.3,
									"derivative": 0,
									"value": 0.45
								},
								{
									"location": 0.4,
									"derivative": 0,
									"value": 0.6
								},
								{
									"location": 0.5,
									"derivative": 0,
									"value": 0.75
								},
								{
									"location": 0.6,
									"derivative": 0,
									"value": 0.9
								},
								{
									"location": 0.7,
									"derivative": 0,
									"value": 1.05
								},
								{
									"location": 0.8,
									"derivative": 0,
									"value": 1.2
								},
								{
									"location": 0.9,
									"derivative": 0,
									"value": 1.35
								},
								{
									"location": 1,
									"derivative": 0,
									"value": 1.5
								}
							]
						}
					},
					{
						"location": 0.6,
						"derivative": 0.1,
						"value": {
							"coordinate": "erosion",
							"points": [
								{
									"location": 0.1,
									"derivative": 0,
									"value": 0.15
								},
								{
									"location": 0.2,
									"derivative": 0,
									"value": 0.3
								},
								{
									"location": 0.3,
									"derivative": 0,
									"value": 0.45
								},
								{
									"location": 0.4,
									"derivative": 0,
									"value": 0.6
								},
								{
									"location": 0.5,
									"derivative": 0,
									"value": 0.75
								},
								{
									"location": 0.6,
									"derivative": 0,
									"value": 0.9
								},
								{
									"location": 0.7,
									"derivative": 0,
									"value": 1.05
								},
								{
									"location": 0.8,
									"derivative": 0,
									"value": 1.2
								},
								{
									"location": 0.9,
									"derivative": 0,
									"value": 1.35
								},
								{
									"location": 1,
									"derivative": 0,
									"value": 1.5
								}
							]
						}
					},
					{
						"location": 0.7,
						"derivative": 0.2,
						"value": {
							"coordinate": "erosion",
							"points": [
								{
									"location": 0.1,
									"derivative": 0,
									"value": 0.15
								},
								{
									"location": 0.2,
									"derivative": 0,
									"value": 0.3
								},
								{
									"location": 0.3,
									"derivative": 0,
									"value": 0.45
								},
								{
									"location": 0.4,
									"derivative": 0,
									"value": 0.6
								},
								{
									"location": 0.5,
									"derivative": 0,
									"value": 0.75
								},
								{
									"location": 0.6,
									"derivative": 0,
									"value": 0.9
								},
								{
									"location": 0.7,
									"derivative": 0,
									"value": 1.05
								},
								{
									"location": 0.8,
									"derivative": 0,
									"value": 1.2
								},
								{
									"location": 0.9,
									"derivative": 0,
									"value": 1.35
								},
								{
									"location": 1,
									"derivative": 0,
									"value": 1.5
								}
							]
						}
					},
					{
						"location": 0.8,
						"derivative": 0,
						"value": {
							"coordinate": "erosion",
							"points": [
								{
									"location": 0.1,
									"derivative": 0,
									"value": 0.15
								},
								{
									"location": 0.2,
									"derivative": 0,
									"value": 0.3
								},
								{
									"location": 0.3,
									"derivative": 0,
									"value": 0.45
								},
								{
									"location": 0.4,
									"derivative": 0,
									"value": 0.6
								},
								{
									"location": 0.5,
									"derivative": 0,
									"value": 0.75
								},
								{
									"location": 0.6,
									"derivative": 0,
									"value": 0.9
								},
								{
									"location": 0.7,
									"derivative": 0,
									"value": 1.05
								},
								{
									"location": 0.8,
									"derivative": 0,
									"value": 1.2
								},
								{
									"location": 0.9,
									"derivative": 0,
									"value": 1.35
								},
								{
									"location": 1,
									"derivative": 0,
									"value": 1.5
								}
							]
						}
					},
					{
						"location": 0.9,
						"derivative": 0,
						"value": {
							"coordinate": "erosion",
							"points": [
								{
									"location": 0.1,
									"derivative": 0,
									"value": 0.15
								},
								{
									"location": 0.2,
									"derivative": 0,
									"value": 0.3
								},
								{
									"location": 0.3,
									"derivative": 0,
									"value": 0.45
								},
								{
									"location": 0.4,
									"derivative": 0,
									"value": 0.6
								},
								{
									"location": 0.5,
									"derivative": 0,
									"value": 0.75
								},
								{
									"location": 0.6,
									"derivative": 0,
									"value": 0.9
								},
								{
									"location": 0.7,
									"derivative": 0,
									"value": 1.05
								},
								{
									"location": 0.8,
									"derivative": 0,
									"value": 1.2
								},
								{
									"location": 0.9,
									"derivative": 0,
									"value": 1.35
								},
								{
									"location": 1,
									"derivative": 0,
									"value": 1.5
								}
							]
						}
					},
					{
						"location": 1,
						"derivative": 0,
						"value": {
							"coordinate": "erosion",
							"points": [
								{
									"location": 0.1,
									"derivative": 0,
									"value": 0.15
								},
								{
									"location": 0.2,
									"derivative": 0,
									"value": 0.3
								},
								{
									"location": 0.3,
									"derivative": 0,
									"value": 0.45
								},
								{
									"location": 0.4,
									"derivative": 0,
									"value": 0.6
								},
								{
									"location": 0.5,
									"derivative": 0,
									"value": 0.75
								},
								{
									"location": 0.6,
									"derivative": 0,
									"value": 0.9
								},
								{
									"location": 0.7,
									"derivative": 0,
									"value": 1.05
								},
								{
									"location": 0.8,
									"derivative": 0,
									"value": 1.2
								},
								{
									"location": 0.9,
									"derivative": 0,
									"value": 1.35
								},
								{
									"location": 1,
									"derivative": 0,
									"value": 1.5
								}
							]
						}
					}
				]
			},
			"jaggedness": {
				"coordinate": "continents",
				"points": [
					{
						"location": 0.1,
						"derivative": 0.1,
						"value": {
							"coordinate": "erosion",
							"points": [
								{
									"location": 0.1,
									"derivative": 0,
									"value": 0.1
								},
								{
									"location": 0.2,
									"derivative": 0,
									"value": 0.2
								},
								{
									"location": 0.3,
									"derivative": 0,
									"value": 0.3
								},
								{
									"location": 0.4,
									"derivative": 0,
									"value": 0.4
								},
								{
									"location": 0.5,
									"derivative": 0,
									"value": 0.5
								},
								{
									"location": 0.6,
									"derivative": 0,
									"value": 0.6
								},
								{
									"location": 0.7,
									"derivative": 0,
									"value": 0.7
								},
								{
									"location": 0.8,
									"derivative": 0,
									"value": 0.8
								},
								{
									"location": 0.9,
									"derivative": 0,
									"value": 0.9
								},
								{
									"location": 1,
									"derivative": 0,
									"value": 1
								}
							]
						}
					},
					{
						"location": 0.2,
						"derivative": 0.2,
						"value": {
							"coordinate": "erosion",
							"points": [
								{
									"location": 0.1,
									"derivative": 0,
									"value": 0.1
								},
								{
									"location": 0.2,
									"derivative": 0,
									"value": 0.2
								},
								{
									"location": 0.3,
									"derivative": 0,
									"value": 0.3
								},
								{
									"location": 0.4,
									"derivative": 0,
									"value": 0.4
								},
								{
									"location": 0.5,
									"derivative": 0,
									"value": 0.5
								},
								{
									"location": 0.6,
									"derivative": 0,
									"value": 0.6
								},
								{
									"location": 0.7,
									"derivative": 0,
									"value": 0.7
								},
								{
									"location": 0.8,
									"derivative": 0,
									"value": 0.8
								},
								{
									"location": 0.9,
									"derivative": 0,
									"value": 0.9
								},
								{
									"location": 1,
									"derivative": 0,
									"value": 1
								}
							]
						}
					},
					{
						"location": 0.3,
						"derivative": 0,
						"value": {
							"coordinate": "erosion",
							"points": [
								{
									"location": 0.1,
									"derivative": 0,
									"value": 0.1
								},
								{
									"location": 0.2,
									"derivative": 0,
									"value": 0.2
								},
								{
									"location": 0.3,
									"derivative": 0,
									"value": 0.3
								},
								{
									"location": 0.4,
									"derivative": 0,
									"value": 0.4
								},
								{
									"location": 0.5,
									"derivative": 0,
									"value": 0.5
								},
								{
									"location": 0.6,
									"derivative": 0,
									"value": 0.6
								},
								{
									"location": 0.7,
									"derivative": 0,
									"value": 0.7
								},
								{
									"location": 0.8,
									"derivative": 0,
									"value": 0.8
								},
								{
									"location": 0.9,
									"derivative": 0,
									"value": 0.9
								},
								{
									"location": 1,
									"derivative": 0,
									"value": 1
								}
							]
						}
					},
					{
						"location": 0.4,
						"derivative": 0,
						"value": {
							"coordinate": "erosion",
							"points": [
								{
									"location": 0.1,
									"derivative": 0,
									"value": 0.1
								},
								{
									"location": 0.2,
									"derivative": 0,
									"value": 0.2
								},
								{
									"location": 0.3,
									"derivative": 0,
									"value": 0.3
								},
								{
									"location": 0.4,
									"derivative": 0,
									"value": 0.4
								},
								{
									"location": 0.5,
									"derivative": 0,
									"value": 0.5
								},
								{
									"location": 0.6,
									"derivative": 0,
									"value": 0.6
								},
								{
									"location": 0.7,
									"derivative": 0,
									"value": 0.7
								},
								{
									"location": 0.8,
									"derivative": 0,
									"value": 0.8
								},
								{
									"location": 0.9,
									"derivative": 0,
									"value": 0.9
								},
								{
									"location": 1,
									"derivative": 0,
									"value": 1
								}
							]
						}
					},
					{
						"location": 0.5,
						"derivative": 0,
						"value": {
							"coordinate": "erosion",
							"points": [
								{
									"location": 0.1,
									"derivative": 0,
									"value": 0.1
								},
								{
									"location": 0.2,
									"derivative": 0,
									"value": 0.2
								},
								{
									"location": 0.3,
									"derivative": 0,
									"value": 0.3
								},
								{
									"location": 0.4,
									"derivative": 0,
									"value": 0.4
								},
								{
									"location": 0.5,
									"derivative": 0,
									"value": 0.5
								},
								{
									"location": 0.6,
									"derivative": 0,
									"value": 0.6
								},
								{
									"location": 0.7,
									"derivative": 0,
									"value": 0.7
								},
								{
									"location": 0.8,
									"derivative": 0,
									"value": 0.8
								},
								{
									"location": 0.9,
									"derivative": 0,
									"value": 0.9
								},
								{
									"location": 1,
									"derivative": 0,
									"value": 1
								}
							]
						}
					},
					{
						"location": 0.6,
						"derivative": 0.1,
						"value": {
							"coordinate": "erosion",
							"points": [
								{
									"location": 0.1,
									"derivative": 0,
									"value": 0.1
								},
								{
									"location": 0.2,
									"derivative": 0,
									"value": 0.2
								},
								{
									"location": 0.3,
									"derivative": 0,
									"value": 0.3
								},
								{
									"location": 0.4,
									"derivative": 0,
									"value": 0.4
								},
								{
									"location": 0.5,
									"derivative": 0,
									"value": 0.5
								},
								{
									"location": 0.6,
									"derivative": 0,
									"value": 0.6
								},
								{
									"location": 0.7,
									"derivative": 0,
									"value": 0.7
								},
								{
									"location": 0.8,
									"derivative": 0,
									"value": 0.8
								},
								{
									"location": 0.9,
									"derivative": 0,
									"value": 0.9
								},
								{
									"location": 1,
									"derivative": 0,
									"value": 1
								}
							]
						}
					},
					{
						"location": 0.7,
						"derivative": 0.2,
						"value": {
							"coordinate": "erosion",
							"points": [
								{
									"location": 0.1,
									"derivative": 0,
									"value": 0.1
								},
								{
									"location": 0.2,
									"derivative": 0,
									"value": 0.2
								},
								{
									"location": 0.3,
									"derivative": 0,
									"value": 0.3
								},
								{
									"location": 0.4,
									"derivative": 0,
									"value": 0.4
								},
								{
									"location": 0.5,
									"derivative": 0,
									"value": 0.5
								},
								{
									"location": 0.6,
									"derivative": 0,
									"value": 0.6
								},
								{
									"location": 0.7,
									"derivative": 0,
									"value": 0.7
								},
								{
									"location": 0.8,
									"derivative": 0,
									"value": 0.8
								},
								{
									"location": 0.9,
									"derivative": 0,
									"value": 0.9
								},
								{
									"location": 1,
									"derivative": 0,
									"value": 1
								}
							]
						}
					},
					{
						"location": 0.8,
						"derivative": 0,
						"value": {
							"coordinate": "erosion",
							"points": [
								{
									"location": 0.1,
									"derivative": 0,
									"value": 0.1
								},
								{
									"location": 0.2,
									"derivative": 0,
									"value": 0.2
								},
								{
									"location": 0.3,
									"derivative": 0,
									"value": 0.3
								},
								{
									"location": 0.4,
									"derivative": 0,
									"value": 0.4
								},
								{
									"location": 0.5,
									"derivative": 0,
									"value": 0.5
								},
								{
									"location": 0.6,
									"derivative": 0,
									"value": 0.6
								},
								{
									"location": 0.7,
									"derivative": 0,
									"value": 0.7
								},
								{
									"location": 0.8,
									"derivative": 0,
									"value": 0.8
								},
								{
									"location": 0.9,
									"derivative": 0,
									"value": 0.9
								},
								{
									"location": 1,
									"derivative": 0,
									"value": 1
								}
							]
						}
					},
					{
						"location": 0.9,
						"derivative": 0,
						"value": {
							"coordinate": "erosion",
							"points": [
								{
									"location": 0.1,
									"derivative": 0,
									"value": 0.1
								},
								{
									"location": 0.2,
									"derivative": 0,
									"value": 0.2
								},
								{
									"location": 0.3,
									"derivative": 0,
									"value": 0.3
								},
								{
									"location": 0.4,
									"derivative": 0,
									"value": 0.4
								},
								{
									"location": 0.5,
									"derivative": 0,
									"value": 0.5
								},
								{
									"location": 0.6,
									"derivative": 0,
									"value": 0.6
								},
								{
									"location": 0.7,
									"derivative": 0,
									"value": 0.7
								},
								{
									"location": 0.8,
									"derivative": 0,
									"value": 0.8
								},
								{
									"location": 0.9,
									"derivative": 0,
									"value": 0.9
								},
								{
									"location": 1,
									"derivative": 0,
									"value": 1
								}
							]
						}
					},
					{
						"location": 1,
						"derivative": 0,
						"value": {
							"coordinate": "erosion",
							"points": [
								{
									"location": 0.1,
									"derivative": 0,
									"value": 0.1
								},
								{
									"location": 0.2,
									"derivative": 0,
									"value": 0.2
								},
								{
									"location": 0.3,
									"derivative": 0,
									"value": 0.3
								},
								{
									"location": 0.4,
									"derivative": 0,
									"value": 0.4
								},
								{
									"location": 0.5,
									"derivative": 0,
									"value": 0.5
								},
								{
									"location": 0.6,
									"derivative": 0,
									"value": 0.6
								},
								{
									"location": 0.7,
									"derivative": 0,
									"value": 0.7
								},
								{
									"location": 0.8,
									"derivative": 0,
									"value": 0.8
								},
								{
									"location": 0.9,
									"derivative": 0,
									"value": 0.9
								},
								{
									"location": 1,
									"derivative": 0,
									"value": 1
								}
							]
						}
					}
				]
			}
		}
	},
	"surface_rule": {
		"type": "minecraft:sequence",
		"sequence": [
			{
				"type": "minecraft:condition",
				"if_true": {
					"type": "minecraft:biome",
					"biome_is": [
						"fokastudio:blazing_dunes"
					]
				},
				"then_run": {
					"type": "minecraft:sequence",
					"sequence": [
						{
							"type": "minecraft:condition",
							"if_true": {
								"type": "minecraft:stone_depth",
								"offset": 0,
								"surface_type": "floor",
								"add_surface_depth": true,
								"add_surface_secondary_depth": true
							},
							"then_run": {
								"type": "minecraft:sequence",
								"sequence": [
									{
										"type": "minecraft:condition",
										"if_true": {
											"type": "minecraft:noise_threshold",
											"noise": "minecraft:surface",
											"min_threshold": 0,
											"max_threshold": 0.2
										},
										"then_run": {
											"type": "minecraft:sequence",
											"sequence": [
												{
													"type": "minecraft:sequence",
													"sequence": [
														{
															"type": "minecraft:condition",
															"if_true": {
																"type": "minecraft:stone_depth",
																"offset": 0,
																"surface_type": "floor",
																"add_surface_depth": false,
																"add_surface_secondary_depth": false
															},
															"then_run": {
																"type": "minecraft:block",
																"result_state": {
																	"Name": "minecraft:red_sand"
																}
															}
														},
														{
															"type": "minecraft:block",
															"result_state": {
																"Name": "minecraft:red_sandstone"
															}
														}
													]
												}
											]
										}
									},
									{
										"type": "minecraft:condition",
										"if_true": {
											"type": "minecraft:noise_threshold",
											"noise": "minecraft:surface",
											"min_threshold": -0.2,
											"max_threshold": 0.01
										},
										"then_run": {
											"type": "minecraft:condition",
											"if_true": {
												"type": "minecraft:stone_depth",
												"offset": 0,
												"surface_type": "floor",
												"add_surface_depth": true,
												"add_surface_secondary_depth": true
											},
											"then_run": {
												"type": "minecraft:block",
												"result_state": {
													"Name": "minecraft:blackstone"
												}
											}
										}
									}
								]
							}
						},
						{
							"type": "minecraft:condition",
							"if_true": {
								"type": "minecraft:noise_threshold",
								"noise": "minecraft:surface",
								"min_threshold": 0.2,
								"max_threshold": 0.4
							},
							"then_run": {
								"type": "minecraft:condition",
								"if_true": {
									"type": "minecraft:stone_depth",
									"offset": 4,
									"surface_type": "floor",
									"add_surface_depth": true,
									"add_surface_secondary_depth": true
								},
								"then_run": {
									"type": "minecraft:block",
									"result_state": {
										"Name": "minecraft:smooth_basalt"
									}
								}
							}
						},
						{
							"type": "minecraft:condition",
							"if_true": {
								"type": "minecraft:noise_threshold",
								"noise": "minecraft:surface",
								"min_threshold": 0.05,
								"max_threshold": 0.5
							},
							"then_run": {
								"type": "minecraft:condition",
								"if_true": {
									"type": "minecraft:stone_depth",
									"offset": 3,
									"surface_type": "floor",
									"add_surface_depth": true,
									"add_surface_secondary_depth": true
								},
								"then_run": {
									"type": "minecraft:block",
									"result_state": {
										"Name": "minecraft:netherrack"
									}
								}
							}
						},
						{
							"type": "minecraft:condition",
							"if_true": {
								"type": "minecraft:noise_threshold",
								"noise": "minecraft:surface",
								"min_threshold": 0.05,
								"max_threshold": 1
							},
							"then_run": {
								"type": "minecraft:condition",
								"if_true": {
									"type": "minecraft:stone_depth",
									"offset": 2,
									"surface_type": "floor",
									"add_surface_depth": true,
									"add_surface_secondary_depth": true
								},
								"then_run": {
									"type": "minecraft:block",
									"result_state": {
										"Name": "minecraft:magma_block"
									}
								}
							}
						}
					]
				}
			},
			{
				"type": "minecraft:condition",
				"if_true": {
					"type": "minecraft:biome",
					"biome_is": [
						"far_end:warped_marsh"
					]
				},
				"then_run": {
					"type": "minecraft:condition",
					"if_true": {
						"type": "minecraft:stone_depth",
						"offset": 2,
						"surface_type": "floor",
						"add_surface_depth": false,
						"add_surface_secondary_depth": true
					},
					"then_run": {
						"type": "minecraft:sequence",
						"sequence": [
							{
								"type": "minecraft:condition",
								"if_true": {
									"type": "minecraft:noise_threshold",
									"noise": "minecraft:surface",
									"min_threshold": -0.07,
									"max_threshold": 0.05
								},
								"then_run": {
									"type": "minecraft:block",
									"result_state": {
										"Name": "minecraft:warped_wart_block"
									}
								}
							},
							{
								"type": "minecraft:block",
								"result_state": {
									"Name": "minecraft:moss_block"
								}
							}
						]
					}
				}
			},
			{
				"type": "minecraft:condition",
				"if_true": {
					"type": "minecraft:biome",
					"biome_is": [
						"fokastudio:stardust_sea"
					]
				},
				"then_run": {
					"type": "minecraft:condition",
					"if_true": {
						"type": "minecraft:stone_depth",
						"offset": 2,
						"surface_type": "floor",
						"add_surface_depth": false,
						"add_surface_secondary_depth": true
					},
					"then_run": {
						"type": "minecraft:sequence",
						"sequence": [
							{
								"type": "minecraft:condition",
								"if_true": {
									"type": "minecraft:noise_threshold",
									"noise": "minecraft:surface",
									"min_threshold": -0.07,
									"max_threshold": 0.05
								},
								"then_run": {
									"type": "minecraft:block",
									"result_state": {
										"Name": "minecraft:purple_concrete"
									}
								}
							},
							{
								"type": "minecraft:block",
								"result_state": {
									"Name": "minecraft:purple_concrete_powder"
								}
							}
						]
					}
				}
			},
			{
				"type": "minecraft:condition",
				"if_true": {
					"type": "minecraft:biome",
					"biome_is": [
						"far_end:dusk_dunes"
					]
				},
				"then_run": {
					"type": "minecraft:condition",
					"if_true": {
						"type": "minecraft:stone_depth",
						"offset": 2,
						"surface_type": "floor",
						"add_surface_depth": false,
						"add_surface_secondary_depth": true
					},
					"then_run": {
						"type": "minecraft:sequence",
						"sequence": [
							{
								"type": "minecraft:condition",
								"if_true": {
									"type": "minecraft:noise_threshold",
									"noise": "minecraft:surface",
									"min_threshold": -0.07,
									"max_threshold": 0.05
								},
								"then_run": {
									"type": "minecraft:block",
									"result_state": {
										"Name": "minecraft:black_concrete_powder"
									}
								}
							},
							{
								"type": "minecraft:block",
								"result_state": {
									"Name": "minecraft:black_concrete"
								}
							}
						]
					}
				}
			},
			{
				"type": "minecraft:condition",
				"if_true": {
					"type": "minecraft:biome",
					"biome_is": [
						"far_end:ashfall_delta"
					]
				},
				"then_run": {
					"type": "minecraft:condition",
					"if_true": {
						"type": "minecraft:stone_depth",
						"offset": 2,
						"surface_type": "floor",
						"add_surface_depth": true,
						"add_surface_secondary_depth": true
					},
					"then_run": {
						"type": "minecraft:block",
						"result_state": {
							"Name": "minecraft:blackstone"
						}
					}
				}
			},
			{
				"type": "minecraft:condition",
				"if_true": {
					"type": "minecraft:biome",
					"biome_is": [
						"minecraft:end_highlands",
						"fokastudio:chorus_jungle",
						"far_end:amethyst_forest"
					]
				},
				"then_run": {
					"type": "minecraft:condition",
					"if_true": {
						"type": "minecraft:stone_depth",
						"offset": 0,
						"surface_type": "floor",
						"add_surface_depth": true,
						"add_surface_secondary_depth": true
					},
					"then_run": {
						"type": "minecraft:sequence",
						"sequence": [
							{
								"type": "minecraft:condition",
								"if_true": {
									"type": "minecraft:stone_depth",
									"offset": 0,
									"surface_type": "floor",
									"add_surface_depth": false,
									"add_surface_secondary_depth": false
								},
								"then_run": {
									"type": "minecraft:block",
									"result_state": {
										"Name": "minecraft:grass_block",
										"Properties": {
											"snowy": "false"
										}
									}
								}
							},
							{
								"type": "minecraft:block",
								"result_state": {
									"Name": "minecraft:dirt"
								}
							}
						]
					}
				}
			},
			{
				"type": "minecraft:condition",
				"if_true": {
					"type": "minecraft:biome",
					"biome_is": [
						"fokastudio:frosted_hills",
						"fokastudio:snowy_warped_forest"
					]
				},
				"then_run": {
					"type": "minecraft:sequence",
					"sequence": [
						{
							"type": "minecraft:condition",
							"if_true": {
								"type": "minecraft:noise_threshold",
								"noise": "minecraft:surface",
								"min_threshold": -0.11,
								"max_threshold": 0.04
							},
							"then_run": {
								"type": "minecraft:condition",
								"if_true": {
									"type": "minecraft:stone_depth",
									"offset": 0,
									"surface_type": "floor",
									"add_surface_depth": false,
									"add_surface_secondary_depth": false
								},
								"then_run": {
									"type": "minecraft:block",
									"result_state": {
										"Name": "minecraft:ice"
									}
								}
							}
						},
						{
							"type": "minecraft:condition",
							"if_true": {
								"type": "minecraft:noise_threshold",
								"noise": "minecraft:powder_snow",
								"min_threshold": 0.45,
								"max_threshold": 0.6
							},
							"then_run": {
								"type": "minecraft:condition",
								"if_true": {
									"type": "minecraft:stone_depth",
									"offset": 0,
									"surface_type": "floor",
									"add_surface_depth": false,
									"add_surface_secondary_depth": false
								},
								"then_run": {
									"type": "minecraft:block",
									"result_state": {
										"Name": "minecraft:powder_snow"
									}
								}
							}
						}
					]
				}
			},
			{
				"type": "minecraft:condition",
				"if_true": {
					"type": "minecraft:biome",
					"biome_is": [
						"fokastudio:frosted_hills"
					]
				},
				"then_run": {
					"type": "minecraft:condition",
					"if_true": {
						"type": "minecraft:stone_depth",
						"offset": 5,
						"surface_type": "floor",
						"add_surface_depth": true,
						"add_surface_secondary_depth": true
					},
					"then_run": {
						"type": "minecraft:sequence",
						"sequence": [
							{
								"type": "minecraft:condition",
								"if_true": {
									"type": "minecraft:stone_depth",
									"offset": 2,
									"surface_type": "floor",
									"add_surface_depth": true,
									"add_surface_secondary_depth": false
								},
								"then_run": {
									"type": "minecraft:block",
									"result_state": {
										"Name": "minecraft:snow_block"
									}
								}
							},
							{
								"type": "minecraft:block",
								"result_state": {
									"Name": "minecraft:calcite"
								}
							}
						]
					}
				}
			},
			{
				"type": "minecraft:condition",
				"if_true": {
					"type": "minecraft:biome",
					"biome_is": [
						"fokastudio:glowshroom_valley"
					]
				},
				"then_run": {
					"type": "minecraft:condition",
					"if_true": {
						"type": "minecraft:stone_depth",
						"offset": 0,
						"surface_type": "floor",
						"add_surface_depth": true,
						"add_surface_secondary_depth": true
					},
					"then_run": {
						"type": "minecraft:bandlands"
					}
				}
			},
			{
				"type": "minecraft:condition",
				"if_true": {
					"type": "minecraft:biome",
					"biome_is": [
						"fokastudio:snowy_warped_forest"
					]
				},
				"then_run": {
					"type": "minecraft:condition",
					"if_true": {
						"type": "minecraft:stone_depth",
						"offset": 0,
						"surface_type": "floor",
						"add_surface_depth": true,
						"add_surface_secondary_depth": true
					},
					"then_run": {
						"type": "minecraft:sequence",
						"sequence": [
							{
								"type": "minecraft:condition",
								"if_true": {
									"type": "minecraft:not",
									"invert": {
										"type": "minecraft:noise_threshold",
										"noise": "minecraft:netherrack",
										"min_threshold": 0.54,
										"max_threshold": 1.7976931348623157e+308
									}
								},
								"then_run": {
									"type": "minecraft:sequence",
									"sequence": [
										{
											"type": "minecraft:condition",
											"if_true": {
												"type": "minecraft:noise_threshold",
												"noise": "minecraft:nether_wart",
												"min_threshold": 0.75,
												"max_threshold": 1.7976931348623157
											},
											"then_run": {
												"type": "minecraft:block",
												"result_state": {
													"Name": "minecraft:warped_wart_block"
												}
											}
										},
										{
											"type": "minecraft:condition",
											"if_true": {
												"type": "minecraft:stone_depth",
												"offset": 0,
												"surface_type": "floor",
												"add_surface_depth": false,
												"add_surface_secondary_depth": false
											},
											"then_run": {
												"type": "minecraft:block",
												"result_state": {
													"Name": "minecraft:cyan_concrete_powder"
												}
											}
										}
									]
								}
							},
							{
								"type": "minecraft:block",
								"result_state": {
									"Name": "minecraft:dead_brain_coral_block"
								}
							}
						]
					}
				}
			},
			{
				"type": "minecraft:sequence",
				"sequence": [
					{
						"type": "minecraft:condition",
						"if_true": {
							"type": "minecraft:biome",
							"biome_is": [
								"far_end:amethyst_forest"
							]
						},
						"then_run": {
							"type": "minecraft:block",
							"result_state": {
								"Name": "minecraft:calcite"
							}
						}
					},
					{
						"type": "minecraft:condition",
						"if_true": {
							"type": "minecraft:biome",
							"biome_is": [
								"far_end:ashfall_delta"
							]
						},
						"then_run": {
							"type": "minecraft:block",
							"result_state": {
								"Name": "minecraft:tuff"
							}
						}
					},
					{
						"type": "minecraft:condition",
						"if_true": {
							"type": "minecraft:biome",
							"biome_is": [
								"minecraft:end_highlands"
							]
						},
						"then_run": {
							"type": "minecraft:block",
							"result_state": {
								"Name": "minecraft:granite"
							}
						}
					},
					{
						"type": "minecraft:condition",
						"if_true": {
							"type": "minecraft:biome",
							"biome_is": [
								"minecraft:end_highlands"
							]
						},
						"then_run": {
							"type": "minecraft:block",
							"result_state": {
								"Name": "minecraft:granite"
							}
						}
					},
					{
						"type": "minecraft:condition",
						"if_true": {
							"type": "minecraft:biome",
							"biome_is": [
								"fokastudio:glowshroom_valley"
							]
						},
						"then_run": {
							"type": "minecraft:block",
							"result_state": {
								"Name": "minecraft:blue_terracotta"
							}
						}
					},
					{
						"type": "minecraft:condition",
						"if_true": {
							"type": "minecraft:biome",
							"biome_is": [
								"far_end:the_nest"
							]
						},
						"then_run": {
							"type": "minecraft:block",
							"result_state": {
								"Name": "minecraft:basalt",
								"Properties": {
									"axis": "y"
								}
							}
						}
					}
				]
			}
		]
	},
	"structures": {
		"stronghold": {
			"distance": 16,
			"spread": 5,
			"count": 256
		},
		"structures": {
			"minecraft:stronghold": {
				"spacing": 1,
				"separation": 0,
				"salt": 0
			},
			"minecraft:endcity": {
				"spacing": 20,
				"separation": 10,
				"salt": 10387313
			}
		}
	}
}
