{
    "feature": "far_end:amethyst/tree/umbrella",
    "placement": [
        {
            "type": "minecraft:count_on_every_layer",
            "count": 2
        },
        {
            "type": "minecraft:biome"
        },
		{
			"type": "minecraft:block_predicate_filter",
			"predicate": {
				"type": "minecraft:all_of",
				"predicates": [
					{
						"type": "minecraft:matching_blocks",
						"blocks": [
							"minecraft:air"
						]
					},
					{
						"type": "minecraft:would_survive",
						"state": {
							"Name": "minecraft:dark_oak_sapling",
							"Properties": {
								"stage": "0"
							}
						}
					}
				]
			}
		},
		{
			"type": "minecraft:random_offset",
			"xz_spread": {
				"type": "minecraft:uniform",
				"value": {
					"min_inclusive": -2,
					"max_inclusive": 2
				}
			},
			"y_spread": 0
		}
    ]
}
