{
	"temperature": 0.8,
	"downfall": 0.4,
	"precipitation": "none",
	"temperature_modifier": "none",
	"category": "the_end",
	"creature_spawn_probability": 0,
	"effects": {
		"sky_color": 7907327,
		"fog_color": 16636149,
		"water_color": 15979007,
		"water_fog_color": 329011,
		"grass_color": 7289714,
		"foliage_color": 14593535,
		"grass_color_modifier": "none",
		"particle": {
			"options": {
				"type": "dripping_obsidian_tear"
			},
			"probability": 0.0035
		}
	},
	"spawners": {
		"monster": [
			{
				"type": "minecraft:enderman",
				"weight": 40,
				"minCount": 4,
				"maxCount": 4
			},
			{
				"type": "minecraft:vex",
				"weight": 100,
				"minCount": 4,
				"maxCount": 4
			},
			{
				"type": "minecraft:witch",
				"weight": 10,
				"minCount": 4,
				"maxCount": 4
			}
		]
	},
	"spawn_costs": {},
	"carvers": {
		"air": [
			"canyon",
			"cave_extra_underground"
		]
	},
	"features": [
		[
		],
		[],
		[
			"far_end:amethyst/geode/amethyst"
		],
		[
			"far_end:ore_iron_small",
			"far_end:ore_iron_middle",
			"far_end:ore_iron_upper"
		],
		[],
		[],
		[],
		[],
		[
			"far_end:amethyst/tree/purple",
			"far_end:amethyst/tree/umbrella"
		],
		[
			"far_end:amethyst/vegetation/amethyst",
			"far_end:amethyst/vegetation/hanging_amethyst",
			"far_end:amethyst/vegetation/flower",
			"far_end:amethyst/vegetation/patch_grass"
		],
		[
			"far_end:general/end_spike/center",
			"far_end:general/end_spike/ring"
		]
	]
}
