{
	"type": "minecraft:vegetation_patch",
	"config": {
		"surface": "floor",
		"depth": 1,
		"vertical_range": 10,
		"extra_bottom_block_chance": 0,
		"extra_edge_column_chance": 0.5,
		"vegetation_chance": 1,
		"xz_radius": {
			"type": "minecraft:uniform",
			"value": {
				"min_inclusive": 3,
				"max_inclusive": 6
			}
		},
		"replaceable": "far_end:end_stone",
		"ground_state": {
			"type": "minecraft:weighted_state_provider",
			"entries": [
				{
					"weight": 25,
					"data": {
						"Name": "minecraft:end_stone"
					}
				},
				{
					"weight": 1,
					"data": {
						"Name": "minecraft:purpur_block"
					}
				}
			]
		},
		"vegetation_feature": {
			"feature": {
				"type": "minecraft:block_column",
				"config": {
					"direction": "up",
					"allowed_placement": {
						"type": "minecraft:matching_blocks",
						"blocks": [
							"minecraft:air"
						]
					},
					"prioritize_tip": true,
					"layers": [
						{
							"height": {
								"type": "minecraft:weighted_list",
								"distribution": [
									{
										"weight": 1,
										"data": 0
									}
								]
							},
							"provider": {
								"type": "minecraft:weighted_state_provider",
								"entries": [
									{
										"weight": 25,
										"data": {
											"Name": "minecraft:end_stone"
										}
									},
									{
										"weight": 1,
										"data": {
											"Name": "minecraft:purpur_block"
										}
									}
								]
							}
						},
						{
							"height": 1,
							"provider": {
								"type": "minecraft:weighted_state_provider",
								"entries": [
									{
										"weight": 25,
										"data": {
											"Name": "minecraft:end_stone"
										}
									},
									{
										"weight": 1,
										"data": {
											"Name": "minecraft:purpur_block"
										}
									}
								]
							}
						}
					]
				}
			},
			"placement": []
		}
	}
}
