{
	"type": "minecraft:canyon",
	"config": {
		"probability": 0.2,
		"y": {
			"type": "minecraft:biased_to_bottom",
			"min_inclusive": {
				"absolute": 0
			},
			"max_inclusive": {
				"absolute": 256
			},
			"inner": 8
		},
		"yScale": 3,
		"lava_level": {
			"absolute": -26
		},
		"debug_settings": {
			"debug_mode": false,
			"air_state": {
				"Name": "minecraft:crimson_button",
				"Properties": {
					"face": "wall",
					"facing": "north",
					"powered": "false"
				}
			},
			"water_state": {
				"Name": "minecraft:light_blue_stained_glass"
			},
			"lava_state": {
				"Name": "minecraft:orange_stained_glass"
			},
			"barrier_state": {
				"Name": "minecraft:glass"
			}
		},
		"vertical_rotation": {
			"type": "minecraft:uniform",
			"value": {
				"min_inclusive": -0.125,
				"max_exclusive": 0.125
			}
		},
		"shape": {
			"distance_factor": {
				"type": "minecraft:uniform",
				"value": {
					"min_inclusive": 0.75,
					"max_exclusive": 1
				}
			},
			"thickness": {
				"type": "minecraft:trapezoid",
				"value": {
					"min": 0,
					"max": 6,
					"plateau": 2
				}
			},
			"width_smoothness": 3,
			"horizontal_radius_factor": {
				"type": "minecraft:uniform",
				"value": {
					"min_inclusive": 0.75,
					"max_exclusive": 1
				}
			},
			"vertical_radius_default_factor": 1,
			"vertical_radius_center_factor": 0
		}
	}
}
