{
  "type": "minecraft:huge_fungus",
  "config": {
    "hat_state": {
      "Name": "minecraft:oak_leaves",
      "Properties": {
        "persistent": "true"
      }
    },
    "decor_state": {
      "Name": "minecraft:jungle_leaves",
      "Properties": {
        "persistent": "true"
      }
    },
    "stem_state": {
      "Name": "minecraft:bone_block",
      "Properties": {
        "axis": "y"
      }
    },
    "valid_base_block": {
      "Name": "minecraft:nether_wart_block"
    },
    "planted": true
  }
}
